315,"biology","food","chain",
333,"biology","living","non-living",
334,"biology","living","non-living",
335,"biology","cells","plant","animal"
336,"biology","cells","plant","animal"
340,"biology","organism","miro-organism","non-living"
341,"biology","organism","miro-organism","non-living"
408,"biology","respiratory","system","lungs"
324,"chemistry","titration",,
329,"chemistry","physical","chemical ","changes"
330,"chemistry","physical","chemical ","changes"
331,"chemistry","physical","chemical ","changes"
332,"chemistry","physical","chemical ","changes"
339,"chemistry","element","compound","mixture"
347,"chemistry","whmis","safety",
348,"chemistry","whmis","safety",
351,"chemistry","periodic","table","elements"
352,"chemistry","periodic","table","elements"
342,"earth science","rock","cycle",
346,"earth science","solar","system",
353,"earth science","solar","system","universe"
396,"earth science","continents","plates",
397,"earth science","magnetic","striping","plates"
400,"earth science","earthquake","plates",
345,"english","literary","devices",
349,"english","story","elements",
350,"english","story","elements",
312,"math","multiplication",,
313,"math ","factor","gcf",
319,"math","graph","linear","slope"
322,"math","right","triangles",
323,"math","monomial","binomial","trinomial"
325,"math","integers","multiplication","negatives"
327,"math","graphing","coordinates",
328,"math","order of operations","BEDMAS",
337,"math","integers","addition","negatives"
338,"math","integers","addition","negatives"
343,"math","algebra","word","terms"
344,"math","lcm","least","common"
354,"math","venn","divisibility","factor"
355,"math","equation","expression","identify"
356,"math","algebra","solving","steps"
357,"math","graphing","coordinates",
395,"math","perfect","squares","practice"
399,"math","prime","number","identify"
402,"math","word","problems","terms"
403,"math","word","problems","terms"
407,"math","perfect","squares","visualize"
409,"math","dice","probability",
410,"math","function","vertical","tests"
326,"music","notes","one-beat","two-beat"
314,"physics","dynamics","forces","fbd"
316,"physics","dynamics","forces","fbd"
317,"physics","dynamics","forces","fbd"
318,"physics","newton","crash","acceleration"
321,"physics","electromagnetic","spectrum","EM"
358,"physics","energy","potential","kinetic"
359,"physics","energy","potential","kinetic"
401,"physics","forces","friction","dynamics"
406,"physics","energy","potential","kinetic"
411,"physics","velocity","relative","vectors"
320,"science","significant figures","sig","figs"
398,"socials","municiple","provincial","federal"
404,"socials","canada","borders","regions"
405,"socials","canada","provinces","resources"
